Method 1,Method 2,p-value
MLS,ILS (Mutation 200),1.2875058096863772e-05
GLS,MLS,1.8824920760845825e-05
GLS,ILS (Mutation 200),0.0012516518377036566
